<mujoco>
	<asset>
	<texture 
	type="cube" 
	name="uic_texture" 
	file="uic_logo.png" />
	<material 
	name="uic_material" 
	texture="uic_texture" 
	/>
  	</asset>
	<worldbody>
    <light 
	diffuse=".5 .5 .5" 
	pos="0 0 3" 
	dir="0 0 -1"/>
		<geom 
		type="plane" 
		size="1 1 0.1" 
		rgba=".9 0 0 1"/>
		<body pos="0 0 1">
			<joint type="free"/>
			<geom 
			type="box" 
			size=".1 .2 .3" 
			rgba="0 .9 0 1"
			material="uic_material"
			/>
		</body>
	</worldbody>
</mujoco>
