<mujoco>
	<worldbody>
    <light diffuse=".5 .5 .5" pos="0 0 3" dir="0 0 -1"/>
		<geom type="plane" size="1 1 0.1" rgba=".9 .9 .9 1"/>
		<body pos="0 0 .1">
			<joint name="x" type="slide" axis="1 0 0"/>
			<inertial mass="1" pos="0 0 0" diaginertia="0.1 0.1 0.1" />
			<geom type="box" size=".1 .1 .1" rgba=".9 0 0 1"/>
			<site name="range_site" pos="-0.1 0 0" euler="0 -90 0" rgba="0 0.9 0 1" size="0.01"/>
			</body>
		<body pos="-0.5 0 0.1">
			<geom type="box" size=".1 .1 .1" rgba="0 0 .9 1"/>
		</body>
	</worldbody>
	<sensor>
	<rangefinder name="range_sensor" site="range_site" cutoff="5" noise="0.2"/>
	</sensor>
	<actuator>
		<motor name="x" joint="x"/>
	</actuator>
</mujoco>
