<mujoco>
	<worldbody>
    <light diffuse=".5 .5 .5" pos="0 0 10" dir="0 0 -1"/>
		<geom type="plane" size="5 5 0.1" rgba=".9 .9 .9 1"/>
		<body pos="0 0 .5">
			<joint name='z' type='slide' axis='0 0 1'/>
			<inertial mass="1" pos="0 0 0" diaginertia="0.1 0.1 0.1"/>
			<geom type="sphere" size=".1" rgba="0 .9 0 1"/>
			<site name="touch_site" pos="0 0 -0.1" rgba="0.9 .9 .9 1" size="0.01"/>
		</body>
		<body pos="0 0 .1">
			<joint name='z2' type='slide' axis='0 0 1'/>
			<inertial mass="1" pos="0 0 0" diaginertia="0.1 0.1 0.1"/>
			<geom type="box" size=".1 .1 .1" rgba=".9 0 0 1" />
			<site name="box_site" pos="0 0 0.1" rgba="0.9 .9 .9 1" size="0.01"/>
		</body>
	</worldbody>
	<actuator>
	<position name="z" joint="z" kp="100" kv="10"/>
	</actuator>
	<sensor>
		<touch name="touch_sensor" site="touch_site" />
	</sensor>
	<equality>
	<connect name="connect" site1="touch_site" site2="box_site" active="false"/>
	</equality>
</mujoco>
