<mujoco>
	<option gravity="0 0 0"/>
	<worldbody>
    <light diffuse=".5 .5 .5" pos="0 0 3" dir="0 0 -1"/>
		<!-- <geom type="plane" size="1 1 0.1" rgba=".9 0 0 1"/> -->
		<body pos="0 0 0">
			<joint type="free"/>
			<geom type="box" size=".2 .1 .05" rgba=".9 0 0 1"/>
		</body>
		<body pos="0 0 0">
			<joint type="free"/>
			<geom type="box" size=".2 .1 .05" rgba="0 .9 0 1"/>
		</body>
		<body pos="0 0 0">
			<joint type="free"/>
			<geom type="box" size=".2 .1 .05" rgba="0 0 .9 1"/>
		</body>
	</worldbody>
</mujoco>
